{
	"settings": {
		"appearanceTools": true,
		"color": {
			"gradients": [
				{
					"gradient": "linear-gradient(to right,var(--wp--preset--color--custom-color-2), var(--wp--preset--color--custom-color-7))",
					"name": "Blue dark to blue light",
					"slug": "blue-dark-to-blue-light"
				}
			],
			"palette": [
				{
					"color": "#040409",
					"name": "Color 1",
					"slug": "custom-color-1"
				},
				{
					"color": "#F87060",
					"name": "Color 2",
					"slug": "custom-color-2"
				},
				{
					"color": "#FFBE4E",
					"name": "Color 3",
					"slug": "custom-color-3"
				},
				{
					"color": "#FFD2CD",
					"name": "Color 4",
					"slug": "custom-color-4"
				},
				{
					"color": "#E8E8E8",
					"name": "Color 5",
					"slug": "custom-color-5"
				},
				{
					"color": "#8c8c8c",
					"name": "Color 6",
					"slug": "custom-color-6"
				},
				{
					"color": "#FF6453",
					"name": "Color 7",
					"slug": "custom-color-7"
				},
				{
					"color": "#3E3E3E",
					"name": "Color 8",
					"slug": "custom-color-8"
				},
				{
					"color": "#171720",
					"name": "Color 9",
					"slug": "custom-color-9"
				}
			]
		},
		"layout": {
			"contentSize": "620px",
			"wideSize": "1000px"
		},
		"spacing": {
			"units": [
				"%",
				"px",
				"em",
				"rem",
				"vh",
				"vw"
			]
		},
		"typography": {
			"defaultFontSizes": false,
			"fontFamilies": [
				{
					"fontFamily": "-apple-system, BlinkMacSystemFont, 'Segoe UI', Roboto, Oxygen-Sans, Ubuntu, Cantarell, 'Helvetica Neue', sans-serif",
					"name": "System Font",
					"slug": "system-font"
				},
				{
					"fontFace": [
						{
							"fontFamily": "Outfit",
							"fontStyle": "normal",
							"fontWeight": "100",
							"src": [
								"file:./assets/fonts/QGYyz_MVcBeNP4NjuGObqx1XmO1I4TC0C4S-EiAou6Y.woff2"
							]
						},
						{
							"fontFamily": "Outfit",
							"fontStyle": "normal",
							"fontWeight": "200",
							"src": [
								"file:./assets/fonts/QGYyz_MVcBeNP4NjuGObqx1XmO1I4bC1C4S-EiAou6Y.woff2"
							]
						},
						{
							"fontFamily": "Outfit",
							"fontStyle": "normal",
							"fontWeight": "300",
							"src": [
								"file:./assets/fonts/QGYyz_MVcBeNP4NjuGObqx1XmO1I4W61C4S-EiAou6Y.woff2"
							]
						},
						{
							"fontFamily": "Outfit",
							"fontStyle": "normal",
							"fontWeight": "400",
							"src": [
								"file:./assets/fonts/QGYyz_MVcBeNP4NjuGObqx1XmO1I4TC1C4S-EiAou6Y.woff2"
							]
						},
						{
							"fontFamily": "Outfit",
							"fontStyle": "normal",
							"fontWeight": "500",
							"src": [
								"file:./assets/fonts/QGYyz_MVcBeNP4NjuGObqx1XmO1I4QK1C4S-EiAou6Y.woff2"
							]
						},
						{
							"fontFamily": "Outfit",
							"fontStyle": "normal",
							"fontWeight": "600",
							"src": [
								"file:./assets/fonts/QGYyz_MVcBeNP4NjuGObqx1XmO1I4e6yC4S-EiAou6Y.woff2"
							]
						},
						{
							"fontFamily": "Outfit",
							"fontStyle": "normal",
							"fontWeight": "700",
							"src": [
								"file:./assets/fonts/QGYyz_MVcBeNP4NjuGObqx1XmO1I4deyC4S-EiAou6Y.woff2"
							]
						},
						{
							"fontFamily": "Outfit",
							"fontStyle": "normal",
							"fontWeight": "800",
							"src": [
								"file:./assets/fonts/QGYyz_MVcBeNP4NjuGObqx1XmO1I4bCyC4S-EiAou6Y.woff2"
							]
						},
						{
							"fontFamily": "Outfit",
							"fontStyle": "normal",
							"fontWeight": "900",
							"src": [
								"file:./assets/fonts/QGYyz_MVcBeNP4NjuGObqx1XmO1I4ZmyC4S-EiAou6Y.woff2"
							]
						}
					],
					"fontFamily": "Outfit, sans-serif",
					"name": "Outfit",
					"slug": "outfit"
				}
			],
			"fontSizes": [
				{
					"name": "Small",
					"size": "18px",
					"slug": "small"
				},
				{
					"name": "Medium",
					"size": "30px",
					"slug": "medium"
				},
				{
					"name": "Large",
					"size": "54px",
					"slug": "large"
				},
				{
					"name": "xLarge",
					"size": "70px",
					"slug": "x-large"
				},
				{
					"name": "xxLarge",
					"size": "100px",
					"slug": "xx-large"
				},
				{
					"name": "xxxLarge",
					"size": "150px",
					"slug": "xxx-large"
				},
				{
					"name": "Super",
					"size": "300px",
					"slug": "super"
				}
			]
		},
		"useRootPaddingAwareAlignments": true
	},
	"styles": {
		"blocks": {
			"core/button": {
				"border": {
					"radius": "6px"
				},
				"typography": {
					"fontFamily": "var(--wp--preset--font-family--outfit)"
				}
			},
			"core/comment-template": {
				"typography": {
					"fontFamily": "var(--wp--preset--font-family--outfit)"
				}
			},
			"core/details": {
				"typography": {
					"fontFamily": "var(--wp--preset--font-family--outfit)"
				}
			},
			"core/heading": {
				"typography": {
					"fontFamily": "var(--wp--preset--font-family--outfit)"
				}
			},
			"core/list": {
				"typography": {
					"fontFamily": "var(--wp--preset--font-family--outfit)"
				}
			},
			"core/navigation": {
				"typography": {
					"fontFamily": "var(--wp--preset--font-family--outfit)"
				}
			},
			"core/paragraph": {
				"typography": {
					"fontFamily": "var(--wp--preset--font-family--outfit)"
				}
			},
			"core/post-content": {
				"typography": {
					"fontFamily": "var(--wp--preset--font-family--outfit)"
				}
			},
			"core/query-pagination": {
				"typography": {
					"fontFamily": "var(--wp--preset--font-family--outfit)"
				}
			},
			"core/read-more": {
				"typography": {
					"fontFamily": "var(--wp--preset--font-family--outfit)"
				}
			},
			"core/site-title": {
				"typography": {
					"fontFamily": "var(--wp--preset--font-family--outfit)"
				}
			}
		},
		"css": "header a, footer a {\n    text-decoration: none;\n  }\n  body {\n    overflow-x: hidden;\n    scroll-behavior: smooth;\n  }\n  :where(.wp-site-blocks) > * {\n    margin-block-start: 0px !important;\n  }\n  ::-webkit-scrollbar {\n    width: 10px;\n  }\n  \n  ::-webkit-scrollbar-track {\n    background: var(--wp--preset--color--custom-color-1);\n  }\n  \n  ::-webkit-scrollbar-thumb {\n    background: var(--wp--preset--color--custom-color-2);\n    border-radius: 10px;\n  }\n  .menu_desk {\n      left: 10px;\n      top: 40%;\n      position: fixed;\n      display: flex;\n      flex-direction: column;\n    }\n    .icones,\n    .vertical-text {\n      display: flex;\n      flex-direction: column;\n      gap: 15px;\n      align-items: center;\n      color: white;\n    }\n    .vertical-text b {\n      writing-mode: vertical-rl;\n      text-orientation: mixed;\n      font-family: \"Outfit\", sans-serif;\n      font-weight: normal;\n      font-size: 18px;\n    }\n    .cursor_novo h2,\n    .mouse_tag h2 {\n      display: none;\n    }\n    .cursor_novo h2 + div,\n    .mouse_tag h2 + div {\n      margin-block-start: 0;\n    }\n  .up-down{\n    animation: updown 4s infinite ease-in-out;\n  }\n  .some-posts{\n    margin-top: -50px;\n    z-index: 1000;\n  }\ndetails{\ntransition: height 0.5s ease-in-out, background-color 0.2s ease-in-out;\nheight: 100px;\n}\ndetails[open]{\n height: 200px;\n}\n  details summary {\n    list-style: none;\n    display: flex;\n    justify-content: space-between;\n    align-items: center;\n  }\n.wp-block-navigation.items-justified-right .wp-block-navigation__container .has-child .wp-block-navigation__submenu-container, .wp-block-navigation.items-justified-right .wp-block-page-list>.has-child .wp-block-navigation__submenu-container, .wp-block-navigation.items-justified-space-between .wp-block-page-list>.has-child:last-child .wp-block-navigation__submenu-container, .wp-block-navigation.items-justified-space-between>.wp-block-navigation__container>.has-child:last-child .wp-block-navigation__submenu-container{\n   left: 0px !important;\n}\n  details summary::after {\n    content: \"+\";\n    font-size: 30px;\n    transition: content 0.5s all;\n    width: 40px;\n    height: 40px;\n    line-height: 40px;\n    display: flex;\n    justify-content: center;\n    align-items: center;\n    font-weight: 400;\n    color: var(--wp--preset--color--custom-color-6);\n  }\n  details[open] summary::after {\n    content: \"-\";\n\n  }\n\n  .details-home summary::after, .details-home[open] summary::after{\n    content: \"\" !important;\ntransition:.7s all;\n  }\n\n.details-home{\ntransition: height 0.5s ease-in-out, background-color 0.2s ease-in-out;\nheight: 90px;\n}\n  .details-home[open]{\n    background-color: var(--wp--preset--color--custom-color-9) !important;\n    border-radius: 6px;\nheight: 160px;\n  }\n  .details-home[open] + .details-home{\n    border:none;\n  }\n  .form-submit input[type=\"submit\"]{\n    border-radius: 0 !important;\n    border: 2px solid #000 !important;\n    background-color: #fff !important;\n    color: #000 !important;\n  }\n  .form-contact{\n    display: flex;\n    flex-direction: column;\n    gap: 10px;\n    \n  }\n  \n  .form-contact input, textarea{\n    border: 2px solid #000;\n    border-radius: 6px;\n    padding: 10px 10px;\n    font-family: \"Outfit\", sans-serif;\n    background-color: var(--wp--preset--color--custom-color-9);\n    color: var(--wp--preset--color--custom-color-5);\n  }\n  \n  .form-contact textarea{\n    resize: none;\n  font-family: 'Outfit', sans-serif;\n  }\n  .form-contact input:focus, textarea:focus{\n      outline-color: var(--wp--preset--color--custom-color-2);\n  }\n  .reviews div{\n    width: 40vw !important;\n  }\n\n  .woocommerce.wc-block-catalog-sorting select.orderby {\n    font-size: inherit;\n    padding: 10px 20px;\n    border-radius: 6px;\n    background-color: var(--wp--preset--color--custom-color-1);\n    color: var(--wp--preset--color--custom-color-6) !important;\n    border-color: var(--wp--preset--color--custom-color-6);\n  }\n  .wp-block-search__input {\n    appearance: none;\n    border: 1px solid var(--wp--preset--color--custom-color-6) !important;\n    flex-grow: 1;\n    margin-left: 0;\n    margin-right: 0;\n    min-width: 3rem;\n    border-radius: 6px;\n    background-color: transparent;\n    padding: 8px;\n    color: var(--wp--preset--color--custom-color-6) !important;\n    text-decoration: unset !important;\n  }\n  .wp-block-search__button {\n    background-color: var(--wp--preset--color--white);\n    border-width: 0;\n    color: var(--wp--preset--color--custom-color-1) !important;\n    font-family: \"Outfit\", sans-serif !important;\n    color: #fff;\n    text-transform: uppercase;\n    font-family: inherit;\n    font-size: inherit;\n    line-height: inherit;\n    padding: calc(0.667em + 2px) calc(1.333em + 2px);\n    text-decoration: none;\n    border-radius: 6px;\n  }\n  .light-darkblue{\n    height: 0;\n    width: 0;\n    box-shadow: 0px 0px 350px 150px var(--wp--preset--color--custom-color-2);\nz-index: 0;\nopacity: 0.5;\n  }\n  .light-blue{\n    height: 0;\n    width: 0;\n    box-shadow: 0px 0px 350px 150px var(--wp--preset--color--custom-color-3);\nz-index: 0;\nopacity: 0.5;\nposition:absolute;\n  }\n.right{\n  right:0;\n}\n  .creative{\n    text-align: center;\n    color: transparent;\n    background-image: url(wp-content/themes/openmind/assets/images/img31-scaled.jpg);\n    background-repeat: no-repeat;\n    background-size: cover;\n    background-clip: text;\n    -webkit-background-clip: text;\n  }\n  .marquee-text{\n    white-space: nowrap;\n  }\n  .reviews{\n    white-space: normal !important;\n  }\n.marquee-container > div {\n  overflow-x: hidden;\n}\n  .better{\n    cursor: pointer;\n  }\n\n  .better .more{\n    opacity: 0;\n    transition: .7s all;\n  }\n\n  .better .cover_number img{\n    transform: translateY(-101%);\n    transition: .7s all;\n  }\n\n  .better:hover .more{\n    opacity: 1;\n  }\n\n  .better:hover .cover_number img{\n    transform: translateY(0);\n  }\n  .img-future{\n    transform: translate(-50px, -100px);\n  }\n  .portifolio-home{\n    transform: translateY(-130px);\n    z-index: 10;\n  }\n  .up30{\n    transform: translateY(-30px);\n    z-index:10;\n\n  }\n  .up70{\n    transform: translateY(-70px);\noverflow:visible;\n  }\n  .uptext{\n    transform: rotate(180deg);\n    text-orientation: sideways;\n    writing-mode: tb;\n  }\n.slider {\n  width: 300%;\n  height: 90vh;\n  display: flex;\n  flex-wrap: nowrap;\n}\n.section_x {\n  height: 90vh;\n  width: 100%;\n}\n  .list-check {\n    list-style: none;\n    padding-inline-start: 0px;\n  }\n  .list-check li {\n    gap: 10px;\n    display: flex;\n  }\n  \n  .list-check li:before {\n    content: \"✓\";\n    width: 20px;\n    height: 20px;\n    border: 1px solid;\n    border-radius: 50%;\n    display: flex;\n    align-items: center;\n    justify-content: center;\n  }\n  .show-cover .wp-block-cover__background{ transition: .7s all; cursor: pointer; }\n  .show-cover:hover .wp-block-cover__background{ opacity: 0.75 !important; }\n\n  .img-member img{ transform: scale(1.3); transition: .7s all; cursor:pointer}\n  .img-member:hover img{ transform: scale(1); }\n.light-show{\ntransition: text-shadow .7s;\n}\n.light-show:hover{\ntext-shadow: 0px 10px 80px var(--wp--preset--color--custom-color-2), 0px -10px 100px var(--wp--preset--color--custom-color-3);\n}\n  .btn-contact a{\n    transition: background .7s, box-shadow .7s, background-color .7s;\n  }\n  .btn-contact:hover a{\n    box-shadow: 0px 10px 50px var(--wp--preset--color--custom-color-2), 0px -10px 50px var(--wp--preset--color--custom-color-3);\n    background: var(--wp--preset--gradient--blue-dark-to-blue-light) !important;\n    background-color: transparent !important;\n  }\n  .form-contact p span input, .form-contact p span textarea, .form-contact p input{\n    width: -webkit-fill-available;\n  }\n\n  .form-contact p input[type=\"submit\"]{\n    background: var(--wp--preset--gradient--blue-dark-to-blue-light) !important;\n  }\n.wpcf7-response-output{\ncolor: white;\nfont-family: \"Outfit\";\n}\n  @keyframes updown{\n    0%{\n      transform: translateY(0px);\n    }\n    50%{\n      transform: translateY(-10px);\n    }\n    100%{\n      transform: translateY(0px);\n    }\n  }\n  @media screen and (max-width: 768px) {\n    body {\n      --wp--preset--font-size--small: 15px !important;\n      --wp--preset--font-size--medium: 24px !important;\n      --wp--preset--font-size--large: 35px !important;\n      --wp--preset--font-size--x-large: 45px !important;\n      --wp--preset--font-size--xx-large: 50px !important;\n      --wp--preset--font-size--xxx-large: 55px !important;\n      --wp--preset--font-size--super: 55px !important;\n      --wp--preset--spacing--20: 0.2rem !important;\n      --wp--preset--spacing--30: 0.5rem !important;\n      --wp--preset--spacing--40: 0.8rem !important;\n      --wp--preset--spacing--50: 1.2rem !important;\n      --wp--preset--spacing--60: 2rem !important;\n      --wp--preset--spacing--70: 3rem !important;\n      --wp--preset--spacing--80: 4rem !important;\n    }\n    .break-row {\n      flex-direction: column !important;\n    }\n    .break-reverse {\n      flex-direction: column-reverse !important;\n    }\n    .w100 {\n      width: 100% !important;\n      flex-basis: 100% !important;\n      max-width: 100% !important;\n    }\n    .slider {\n      height: auto !important;\n    }\n    .section_x {\n      height: auto !important;\n    }\n    .menu_desk {\n      display: none;\n    }\n  .reviews div{\n    width: 100% !important;\n  }\n.img-future {\n    transform: translate(0px, 0px);\n    \n}\n.light-darkblue, .light-blue{\n      opacity: 0.5 !important;\nposition:absolute;\n    }\n.scale2{\ntransform:scale(2);\n}\n.opacity05{\nopacity: 0.5;\n}\n    .up70{\n      transform: translateY(-30px);\n      overflow:visible;\n    }\n    .img-member img{ transform: scale(1.2); transition: .7s all;}\n.btn-contact{ display:none; }\n\n  }\n  "
	},
	"templateParts": [
		{
			"area": "header",
			"name": "header"
		},
		{
			"area": "footer",
			"name": "footer"
		}
	],
	"version": 3,
	"$schema": "https://schemas.wp.org/wp/6.7/theme.json"
}