{
	"$schema": "https://schemas.wp.org/wp/6.4/theme.json",
	"version": 2,
	"title": "Green",
	"settings": {
		"color": {
			"palette": [
				{
					"color": "#040409",
					"name": "Color 1",
					"slug": "custom-color-1"
				},
				{
					"color": "#004F08",
					"name": "Color 2",
					"slug": "custom-color-2"
				},
				{
					"color": "#005E63",
					"name": "Color 3",
					"slug": "custom-color-3"
				},
				{
					"color": "#B0FFB0",
					"name": "Color 4",
					"slug": "custom-color-4"
				},
				{
					"color": "#E8E8E8",
					"name": "Color 5",
					"slug": "custom-color-5"
				},
				{
					"color": "#8c8c8c",
					"name": "Color 6",
					"slug": "custom-color-6"
				},
				{
					"color": "#2EFF62",
					"name": "Color 7",
					"slug": "custom-color-7"
				},
				{
					"color": "#3E3E3E",
					"name": "Color 8",
					"slug": "custom-color-8"
				},
				{
					"color": "#171720",
					"name": "Color 9",
					"slug": "custom-color-9"
				}
			]
		}
	}
}